Title,Agency,CloseDate,DaysLeft,OppNumber,Category,Eligibility,URL,Score,ScoreBreakdown
"FY25 ONR Office Of Naval Research (ONR) Science, Technology, Engineering, and Mathematics(STEM) Education and Workforce Program",Office of Naval Research,06/30/2026,259.0,N0001425SF006,Not specified,Not specified,Not specified,26,"{""MissionHits"": 2, ""ProgramHits"": 0, ""TechHits"": 0, ""MissionPts"": 26, ""ProgramPts"": 0, ""TechPts"": 0}"
Growing Great Ideas: Research Education Course in Product Development and Entrepreneurship for Life Science Researchers,National Institutes of Health,,,RFA-DA-27-007,Not specified,Not specified,Not specified,26,"{""MissionHits"": 2, ""ProgramHits"": 0, ""TechHits"": 0, ""MissionPts"": 26, ""ProgramPts"": 0, ""TechPts"": 0}"
National Cancer Institute Youth Enjoy Science Research Education Program (R25 Clinical Trial Not Allowed),National Institutes of Health,09/28/2026,349.0,RFA-CA-24-026,Not specified,Not specified,Not specified,26,"{""MissionHits"": 2, ""ProgramHits"": 0, ""TechHits"": 0, ""MissionPts"": 26, ""ProgramPts"": 0, ""TechPts"": 0}"
UCEDD National Training Initiative to Support Youth with Intellectual and Developmental Disabilities involved with the Juvenile Justice System,Administration for Community Living,,,HHS-2022-ACL-AOD-DDTI-0076,Not specified,Not specified,Not specified,22,"{""MissionHits"": 1, ""ProgramHits"": 0, ""TechHits"": 1, ""MissionPts"": 18, ""ProgramPts"": 0, ""TechPts"": 4}"
Modules for Enhancing Biomedical Research Workforce Training (R25 - Independent Clinical Trial Not Allowed),National Institutes of Health,01/27/2026,105.0,PAR-24-040,Not specified,Not specified,Not specified,22,"{""MissionHits"": 1, ""ProgramHits"": 0, ""TechHits"": 1, ""MissionPts"": 18, ""ProgramPts"": 0, ""TechPts"": 4}"
"Strengthening and Development of Sustainable Regional Public Health and Epidemiological Workforce Capacity through Collaboration, Program Development, and Implementation",Centers for Disease Control-GHC,,,CDC-RFA-JG-26-0108,Not specified,Not specified,Not specified,22,"{""MissionHits"": 1, ""ProgramHits"": 0, ""TechHits"": 1, ""MissionPts"": 18, ""ProgramPts"": 0, ""TechPts"": 4}"
"Strengthening and Developing of Sustainable Global Public Health and Epidemiological Workforce Capacity through Collaboration, Program Development, and Implementation",Centers for Disease Control-GHC,,,CDC-RFA-JG-26-0059,Not specified,Not specified,Not specified,22,"{""MissionHits"": 1, ""ProgramHits"": 0, ""TechHits"": 1, ""MissionPts"": 18, ""ProgramPts"": 0, ""TechPts"": 4}"
EducationUSA Fair 2025,U.S. Mission to Jordan,,,PAS-JOR-FY25-002,Not specified,Not specified,Not specified,22,"{""MissionHits"": 1, ""ProgramHits"": 0, ""TechHits"": 1, ""MissionPts"": 18, ""ProgramPts"": 0, ""TechPts"": 4}"
EONS 2018: Appendix E Minority University Research and Education Project (MUREP) for Sustainability and Innovation Collaborative &ndash; (MUSIC) ,National Aeronautics and Space Administration,,,NNH18ZHA002N-MUSIC,Not specified,Not specified,Not specified,22,"{""MissionHits"": 1, ""ProgramHits"": 0, ""TechHits"": 1, ""MissionPts"": 18, ""ProgramPts"": 0, ""TechPts"": 4}"
Annual Program Statement for U.S. Presentation at International Art Biennales,Bureau Of Educational and Cultural Affairs,01/01/2099,26742.0,DFOP0017204,Not specified,Not specified,Not specified,22,"{""MissionHits"": 1, ""ProgramHits"": 0, ""TechHits"": 1, ""MissionPts"": 18, ""ProgramPts"": 0, ""TechPts"": 4}"
Training-based Workforce Development for Advanced Cyberinfrastructure  (CyberTraining),U.S. National Science Foundation,01/15/2026,93.0,23-520,Not specified,Not specified,Not specified,22,"{""MissionHits"": 1, ""ProgramHits"": 0, ""TechHits"": 1, ""MissionPts"": 18, ""ProgramPts"": 0, ""TechPts"": 4}"
Department of Defense Research and Education Program for Historically Black Colleges and Universities and Minority-Serving Institutions (HBCU/MI),Dept of the Army -- Materiel Command,07/31/2029,1386.0,W911NF24S0009,Not specified,Not specified,Not specified,18,"{""MissionHits"": 1, ""ProgramHits"": 0, ""TechHits"": 0, ""MissionPts"": 18, ""ProgramPts"": 0, ""TechPts"": 0}"
Research Experiences and/or Mentoring Networks through Research Education to Enhance Clinician-Scientists' Participation in NIDCDs Research (R25 Clinical Trial Not Allowed),National Institutes of Health,09/29/2027,715.0,PAR-25-020,Not specified,Not specified,Not specified,18,"{""MissionHits"": 1, ""ProgramHits"": 0, ""TechHits"": 0, ""MissionPts"": 18, ""ProgramPts"": 0, ""TechPts"": 0}"
NIDCD's Mentored Research Education Pathway for Otolaryngology Residents and Medical Students (R25 - Clinical Trial Not Allowed),National Institutes of Health,09/29/2026,350.0,PAR-24-127,Not specified,Not specified,Not specified,18,"{""MissionHits"": 1, ""ProgramHits"": 0, ""TechHits"": 0, ""MissionPts"": 18, ""ProgramPts"": 0, ""TechPts"": 0}"
"Office of Elementary and Secondary Education (OESE): Office of Safe and Supportive Schools: School-Based Mental Health Services (SBMH) Grant Program, Assistance Listing Number (ALN) number 84.184H",Department of Education,10/29/2025,15.0,ED-GRANTS-092925-001,Not specified,Not specified,Not specified,18,"{""MissionHits"": 1, ""ProgramHits"": 0, ""TechHits"": 0, ""MissionPts"": 18, ""ProgramPts"": 0, ""TechPts"": 0}"
Alcohol and Other Substance Use Research Education Programs for Health Professionals (R25 Clinical Trial Not Allowed),National Institutes of Health,05/25/2026,223.0,PAR-23-240,Not specified,Not specified,Not specified,18,"{""MissionHits"": 1, ""ProgramHits"": 0, ""TechHits"": 0, ""MissionPts"": 18, ""ProgramPts"": 0, ""TechPts"": 0}"
OJJDP FY25 Community and Schools Youth Drug Prevention Program,Office of Juvenile Justice Delinquency Prevention ,10/27/2025,13.0,O-OJJDP-2025-172454,Not specified,Not specified,Not specified,18,"{""MissionHits"": 1, ""ProgramHits"": 0, ""TechHits"": 0, ""MissionPts"": 18, ""ProgramPts"": 0, ""TechPts"": 0}"
Education Programs in Atmospheric and Geospace Sciences,U.S. National Science Foundation,,,PD-21-7700,Not specified,Not specified,Not specified,18,"{""MissionHits"": 1, ""ProgramHits"": 0, ""TechHits"": 0, ""MissionPts"": 18, ""ProgramPts"": 0, ""TechPts"": 0}"
IUSE: Innovation in Two-Year College STEM Education,U.S. National Science Foundation,12/10/2025,57.0,23-584,Not specified,Not specified,Not specified,18,"{""MissionHits"": 1, ""ProgramHits"": 0, ""TechHits"": 0, ""MissionPts"": 18, ""ProgramPts"": 0, ""TechPts"": 0}"
"Office of Elementary and Secondary Education (OESE): Office of Safe and Supportive Schools: Mental Health Service Professional (MHSP) Demonstration Grant Program, Assistance Listing Number 84.184X",Department of Education,10/29/2025,15.0,ED-GRANTS-092925-002,Not specified,Not specified,Not specified,18,"{""MissionHits"": 1, ""ProgramHits"": 0, ""TechHits"": 0, ""MissionPts"": 18, ""ProgramPts"": 0, ""TechPts"": 0}"
Summer Research Education Experience Program (R25 Clinical Trial Not Allowed),National Institutes of Health,05/07/2027,570.0,PAR-24-204,Not specified,Not specified,Not specified,18,"{""MissionHits"": 1, ""ProgramHits"": 0, ""TechHits"": 0, ""MissionPts"": 18, ""ProgramPts"": 0, ""TechPts"": 0}"
NIH Science Education Partnership Award (SEPA),National Institutes of Health,,,FOR-GM-27-001,Not specified,Not specified,Not specified,18,"{""MissionHits"": 1, ""ProgramHits"": 0, ""TechHits"": 0, ""MissionPts"": 18, ""ProgramPts"": 0, ""TechPts"": 0}"
FY 2024 &ndash; 2026 - Broad Agency Announcement (BAA) for the Office of Education,DOC NOAA - ERA Production,09/30/2026,351.0,NOAA-SEC-OED-2024-28060,Not specified,Not specified,Not specified,18,"{""MissionHits"": 1, ""ProgramHits"": 0, ""TechHits"": 0, ""MissionPts"": 18, ""ProgramPts"": 0, ""TechPts"": 0}"
Educational Funding Opportunity: Expanding education on skin lightening products (U01) Clinical Trials Not Allowed,Food and Drug Administration,,,FOR-FD-25-013,Not specified,Not specified,Not specified,18,"{""MissionHits"": 1, ""ProgramHits"": 0, ""TechHits"": 0, ""MissionPts"": 18, ""ProgramPts"": 0, ""TechPts"": 0}"
OMHHE Educational Funding Opportunity: Expanding education on skin lightening products (U01) Clinical Trials Not Allowed,Food and Drug Administration,,,FOR-FD-24-017,Not specified,Not specified,Not specified,18,"{""MissionHits"": 1, ""ProgramHits"": 0, ""TechHits"": 0, ""MissionPts"": 18, ""ProgramPts"": 0, ""TechPts"": 0}"
Education and Broadening Participation in Earth Sciences,U.S. National Science Foundation,,,PD-25-1575,Not specified,Not specified,Not specified,18,"{""MissionHits"": 1, ""ProgramHits"": 0, ""TechHits"": 0, ""MissionPts"": 18, ""ProgramPts"": 0, ""TechPts"": 0}"
National Indian Health Outreach and Education,Indian Health Service,,,HHS-2026-IHS-NIHOE-0001,Not specified,Not specified,Not specified,18,"{""MissionHits"": 1, ""ProgramHits"": 0, ""TechHits"": 0, ""MissionPts"": 18, ""ProgramPts"": 0, ""TechPts"": 0}"
Grants to Support New Investigators in Conducting Research Related to Preventing Interpersonal Violence Impacting Children and Youth,Centers for Disease Control and Prevention - ERA,,,RFA-CE-26-021,Not specified,Not specified,Not specified,18,"{""MissionHits"": 1, ""ProgramHits"": 0, ""TechHits"": 0, ""MissionPts"": 18, ""ProgramPts"": 0, ""TechPts"": 0}"
Facilities for Atmospheric Research and Education,U.S. National Science Foundation,,,PD-22-1529,Not specified,Not specified,Not specified,18,"{""MissionHits"": 1, ""ProgramHits"": 0, ""TechHits"": 0, ""MissionPts"": 18, ""ProgramPts"": 0, ""TechPts"": 0}"
Institutes for Higher Education Faculty and K-12 Educators,National Endowment for the Humanities,,,20260211-EH-ES,Not specified,Not specified,Not specified,18,"{""MissionHits"": 1, ""ProgramHits"": 0, ""TechHits"": 0, ""MissionPts"": 18, ""ProgramPts"": 0, ""TechPts"": 0}"
Naval Engineering Education Consortium (NEEC) Broad Agency Announcement for Fiscal Year 2026,NSWC Dahlgren,,,N00178-26-0001,Not specified,Not specified,Not specified,18,"{""MissionHits"": 1, ""ProgramHits"": 0, ""TechHits"": 0, ""MissionPts"": 18, ""ProgramPts"": 0, ""TechPts"": 0}"
2020/2021 EducationUSA Graduate Opportunity Funds Program,U.S. Mission to Zimbabwe,,,AFHAR-FY21-02,Not specified,Not specified,Not specified,18,"{""MissionHits"": 1, ""ProgramHits"": 0, ""TechHits"": 0, ""MissionPts"": 18, ""ProgramPts"": 0, ""TechPts"": 0}"
Spotlight on Humanities in Higher Education,National Endowment for the Humanities,,,20251007-ASA-ASB,Not specified,Not specified,Not specified,18,"{""MissionHits"": 1, ""ProgramHits"": 0, ""TechHits"": 0, ""MissionPts"": 18, ""ProgramPts"": 0, ""TechPts"": 0}"
Advanced Laboratories for Accelerating the Reach and Impact of Treatments for Youth and Adults with Mental Illness (ALACRITY) Research Centers (P50 Clinical Trial Optional),National Institutes of Health,05/18/2026,216.0,PAR-24-210,Not specified,Not specified,Not specified,18,"{""MissionHits"": 1, ""ProgramHits"": 0, ""TechHits"": 0, ""MissionPts"": 18, ""ProgramPts"": 0, ""TechPts"": 0}"
"Bioengineering Research, Innovation and Technology Education (BRITE) Program (R25 Clinical Trial Not Allowed)",National Institutes of Health,,,PAR-26-025,Not specified,Not specified,Not specified,18,"{""MissionHits"": 1, ""ProgramHits"": 0, ""TechHits"": 0, ""MissionPts"": 18, ""ProgramPts"": 0, ""TechPts"": 0}"
The Primary Prevention Youth Homelessness Demonstration Program,Administration for Children & Families - ACYF/FYSB,,,HHS-2025-ACF-ACYF-YY-0081,Not specified,Not specified,Not specified,18,"{""MissionHits"": 1, ""ProgramHits"": 0, ""TechHits"": 0, ""MissionPts"": 18, ""ProgramPts"": 0, ""TechPts"": 0}"
Occupational Safety and Health Education and Research Centers (T42),Centers for Disease Control and Prevention - ERA,10/26/2028,1108.0,RFA-OH-25-002,Not specified,Not specified,Not specified,18,"{""MissionHits"": 1, ""ProgramHits"": 0, ""TechHits"": 0, ""MissionPts"": 18, ""ProgramPts"": 0, ""TechPts"": 0}"
Advancing Youth Activism and Engagement FY2023,U.S. Mission to Albania,,,TIRYOUTHFY23,Not specified,Not specified,Not specified,18,"{""MissionHits"": 1, ""ProgramHits"": 0, ""TechHits"": 0, ""MissionPts"": 18, ""ProgramPts"": 0, ""TechPts"": 0}"
"National Defense Education Program (NDEP) Science, Technology, Engineering, and Mathematics (STEM) Consortia Request for Information (RFI) for the Office of the Under Secretary of Defense (Research &amp; Engineering)",Department of Defense,,,RANDENDEPSTEMFY22RFI,Not specified,Not specified,Not specified,18,"{""MissionHits"": 1, ""ProgramHits"": 0, ""TechHits"": 0, ""MissionPts"": 18, ""ProgramPts"": 0, ""TechPts"": 0}"
Improving Undergraduate STEM Education: Directorate for STEM Education,U.S. National Science Foundation,01/21/2026,99.0,23-510,Not specified,Not specified,Not specified,18,"{""MissionHits"": 1, ""ProgramHits"": 0, ""TechHits"": 0, ""MissionPts"": 18, ""ProgramPts"": 0, ""TechPts"": 0}"
Fire Science Innovations through Research and Education,U.S. National Science Foundation,02/10/2026,119.0,PD-25-345Y,Not specified,Not specified,Not specified,18,"{""MissionHits"": 1, ""ProgramHits"": 0, ""TechHits"": 0, ""MissionPts"": 18, ""ProgramPts"": 0, ""TechPts"": 0}"
Accelerating Solutions to Improve Access and Quality of Empirically-Supported Practices for Youth Mental Health (R01 Clinical Trial Optional),National Institutes of Health,01/07/2027,450.0,PAR-25-310,Not specified,Not specified,Not specified,18,"{""MissionHits"": 1, ""ProgramHits"": 0, ""TechHits"": 0, ""MissionPts"": 18, ""ProgramPts"": 0, ""TechPts"": 0}"
Advanced Technological Education,U.S. National Science Foundation,10/01/2026,352.0,24-584,Not specified,Not specified,Not specified,18,"{""MissionHits"": 1, ""ProgramHits"": 0, ""TechHits"": 0, ""MissionPts"": 18, ""ProgramPts"": 0, ""TechPts"": 0}"
Innovations in Graduate Education (IGE) Program,U.S. National Science Foundation,03/25/2026,162.0,24-529,Not specified,Not specified,Not specified,18,"{""MissionHits"": 1, ""ProgramHits"": 0, ""TechHits"": 0, ""MissionPts"": 18, ""ProgramPts"": 0, ""TechPts"": 0}"
NIMH Research Education Mentoring Program for HIV Researchers (R25 Clinical Trial Not Allowed),National Institutes of Health,09/07/2026,328.0,PAR-24-233,Not specified,Not specified,Not specified,18,"{""MissionHits"": 1, ""ProgramHits"": 0, ""TechHits"": 0, ""MissionPts"": 18, ""ProgramPts"": 0, ""TechPts"": 0}"
NIMH Mentoring Networks for Mental Health Research Education,National Institutes of Health,,,PAR-26-048,Not specified,Not specified,Not specified,18,"{""MissionHits"": 1, ""ProgramHits"": 0, ""TechHits"": 0, ""MissionPts"": 18, ""ProgramPts"": 0, ""TechPts"": 0}"
NIDA Research Education Program for Clinical Researchers and Clinicians (R25 Clinical Trial Not Allowed),National Institutes of Health,11/12/2027,759.0,PAR-25-204,Not specified,Not specified,Not specified,18,"{""MissionHits"": 1, ""ProgramHits"": 0, ""TechHits"": 0, ""MissionPts"": 18, ""ProgramPts"": 0, ""TechPts"": 0}"
EDU Core Research: Building Capacity in STEM Education Research (ECR: BCSER),U.S. National Science Foundation,02/27/2026,136.0,22-548,Not specified,Not specified,Not specified,18,"{""MissionHits"": 1, ""ProgramHits"": 0, ""TechHits"": 0, ""MissionPts"": 18, ""ProgramPts"": 0, ""TechPts"": 0}"
NIMH Research Education Programs for Psychiatry Residents,National Institutes of Health,,,PAR-26-047,Not specified,Not specified,Not specified,18,"{""MissionHits"": 1, ""ProgramHits"": 0, ""TechHits"": 0, ""MissionPts"": 18, ""ProgramPts"": 0, ""TechPts"": 0}"
Cancer Research Education Grants Program - Curriculum or Methods Development (R25 Clinical Trial Not Allowed),National Institutes of Health,01/07/2027,450.0,PAR-23-278,Not specified,Not specified,Not specified,18,"{""MissionHits"": 1, ""ProgramHits"": 0, ""TechHits"": 0, ""MissionPts"": 18, ""ProgramPts"": 0, ""TechPts"": 0}"
NIA Expanding Research in AD/ADRD (ERA) Postbaccalaureate Research Education Program (R25 Independent Clinical Trial Not Allowed),National Institutes of Health,05/26/2027,589.0,RFA-AG-26-010,Not specified,Not specified,Not specified,18,"{""MissionHits"": 1, ""ProgramHits"": 0, ""TechHits"": 0, ""MissionPts"": 18, ""ProgramPts"": 0, ""TechPts"": 0}"
Cancer Research Education Grants Program - Courses for Skills Development (R25 Clinical Trial Not Allowed),National Institutes of Health,01/07/2027,450.0,PAR-23-276,Not specified,Not specified,Not specified,18,"{""MissionHits"": 1, ""ProgramHits"": 0, ""TechHits"": 0, ""MissionPts"": 18, ""ProgramPts"": 0, ""TechPts"": 0}"
Limited Competition: NCATS Clinical and Translational Science Award (CTSA) Program Research Education Grants Programs (R25 - Clinical Trial Not Allowed),National Institutes of Health,05/28/2027,591.0,PAR-25-197,Not specified,Not specified,Not specified,18,"{""MissionHits"": 1, ""ProgramHits"": 0, ""TechHits"": 0, ""MissionPts"": 18, ""ProgramPts"": 0, ""TechPts"": 0}"
NIDDK Education Program Grants (R25 Clinical Trial Not Allowed),National Institutes of Health,01/30/2026,108.0,PAR-24-074,Not specified,Not specified,Not specified,18,"{""MissionHits"": 1, ""ProgramHits"": 0, ""TechHits"": 0, ""MissionPts"": 18, ""ProgramPts"": 0, ""TechPts"": 0}"
NIA Expanding Research in AD/ADRD (ERA) Summer Research Education Program (R25 Independent Clinical Trial Not Allowed),National Institutes of Health,05/26/2027,589.0,RFA-AG-26-011,Not specified,Not specified,Not specified,18,"{""MissionHits"": 1, ""ProgramHits"": 0, ""TechHits"": 0, ""MissionPts"": 18, ""ProgramPts"": 0, ""TechPts"": 0}"
NINDS Research Education Opportunities (R25 Clinical Trial Not Allowed),National Institutes of Health,07/14/2026,273.0,PAR-24-200,Not specified,Not specified,Not specified,18,"{""MissionHits"": 1, ""ProgramHits"": 0, ""TechHits"": 0, ""MissionPts"": 18, ""ProgramPts"": 0, ""TechPts"": 0}"
NINDS Research Education Programs for Residents and Fellows in Neurological Disorders and Stroke (UE5 - Clinical Trial Not Allowed),National Institutes of Health,01/28/2026,106.0,PAR-24-079,Not specified,Not specified,Not specified,18,"{""MissionHits"": 1, ""ProgramHits"": 0, ""TechHits"": 0, ""MissionPts"": 18, ""ProgramPts"": 0, ""TechPts"": 0}"
Research Education Projects,National Institutes of Health,,,FOR-OD-25-653,Not specified,Not specified,Not specified,18,"{""MissionHits"": 1, ""ProgramHits"": 0, ""TechHits"": 0, ""MissionPts"": 18, ""ProgramPts"": 0, ""TechPts"": 0}"
Cancer Research Education Grants Program - Research Experiences (R25 Clinical Trial Not Allowed),National Institutes of Health,01/07/2027,450.0,PAR-23-277,Not specified,Not specified,Not specified,18,"{""MissionHits"": 1, ""ProgramHits"": 0, ""TechHits"": 0, ""MissionPts"": 18, ""ProgramPts"": 0, ""TechPts"": 0}"
UCEDD National Training Initiative,Administration for Community Living,,,HHS-2024-ACL-AOD-DDTI-0009,Not specified,Not specified,Not specified,14,"{""MissionHits"": 0, ""ProgramHits"": 0, ""TechHits"": 1, ""MissionPts"": 10, ""ProgramPts"": 0, ""TechPts"": 4}"
UCEDD National Training Initiative,Administration for Community Living,,,HHS-2025-ACL-AOD-DDTI-0009,Not specified,Not specified,Not specified,14,"{""MissionHits"": 0, ""ProgramHits"": 0, ""TechHits"": 1, ""MissionPts"": 10, ""ProgramPts"": 0, ""TechPts"": 4}"
PY2025 Planning Instruction and Allotments for Senior Community Service Employment Program (SCSEP) National Grantees,Employment and Training Administration,10/30/2025,16.0,ETA-TEGL-16-24-1,Not specified,Not specified,Not specified,14,"{""MissionHits"": 0, ""ProgramHits"": 0, ""TechHits"": 1, ""MissionPts"": 10, ""ProgramPts"": 0, ""TechPts"": 4}"
Centers for Independent Living Competition - Guam,Administration for Community Living,,,HHS-2026-ACL-AOD-IL-0014,Not specified,Not specified,Not specified,10,"{""MissionHits"": 0, ""ProgramHits"": 0, ""TechHits"": 0, ""MissionPts"": 10, ""ProgramPts"": 0, ""TechPts"": 0}"
DRAFT Community Noise Mitigation Program,Office of Local Defense Community Cooperation,,,OLDCC-23-F-0003,Not specified,Not specified,Not specified,10,"{""MissionHits"": 0, ""ProgramHits"": 0, ""TechHits"": 0, ""MissionPts"": 10, ""ProgramPts"": 0, ""TechPts"": 0}"
Application Instructions for the Indian Community Development Block Grant (ICDBG) Imminent Threat (IT) Program,Department of Housing and Urban Development,09/30/2026,351.0,FR-6900-N-74,Not specified,Not specified,Not specified,10,"{""MissionHits"": 0, ""ProgramHits"": 0, ""TechHits"": 0, ""MissionPts"": 10, ""ProgramPts"": 0, ""TechPts"": 0}"
Community Development Block Grant Program for Indian Tribes and Alaska Native Villages,Department of Housing and Urban Development,11/24/2025,41.0,FR-6900-N-23,Not specified,Not specified,Not specified,10,"{""MissionHits"": 0, ""ProgramHits"": 0, ""TechHits"": 0, ""MissionPts"": 10, ""ProgramPts"": 0, ""TechPts"": 0}"
Assistive Technology Alternative Financing Program,Administration for Community Living,,,HHS-2026-ACL-CIP-ATTF-0067,Not specified,Not specified,Not specified,10,"{""MissionHits"": 0, ""ProgramHits"": 0, ""TechHits"": 0, ""MissionPts"": 10, ""ProgramPts"": 0, ""TechPts"": 0}"
Expanding Whole Person Strategies for Community Evidence-Based Falls Prevention Programming,Administration for Community Living,,,HHS-2026-ACL-AOA-FPSG-0004,Not specified,Not specified,Not specified,10,"{""MissionHits"": 0, ""ProgramHits"": 0, ""TechHits"": 0, ""MissionPts"": 10, ""ProgramPts"": 0, ""TechPts"": 0}"
ACL National Falls Prevention Resource Center,Administration for Community Living,,,HHS-2026-ACL-AOA-FPSG-0005,Not specified,Not specified,Not specified,10,"{""MissionHits"": 0, ""ProgramHits"": 0, ""TechHits"": 0, ""MissionPts"": 10, ""ProgramPts"": 0, ""TechPts"": 0}"
ACL National Resource Center on Nutrition and Aging,Administration for Community Living,,,HHS-2026-ACL-AOA-PPNU-0003,Not specified,Not specified,Not specified,10,"{""MissionHits"": 0, ""ProgramHits"": 0, ""TechHits"": 0, ""MissionPts"": 10, ""ProgramPts"": 0, ""TechPts"": 0}"
Centers for Independent Living Competition - American Samoa,Administration for Community Living,,,HHS-2026-ACL-AOD-IL-0013,Not specified,Not specified,Not specified,10,"{""MissionHits"": 0, ""ProgramHits"": 0, ""TechHits"": 0, ""MissionPts"": 10, ""ProgramPts"": 0, ""TechPts"": 0}"
Community Led Monitoring Intervention,U.S. Mission to Mozambique,,,MAPUTO-PCO-20-001,Not specified,Not specified,Not specified,10,"{""MissionHits"": 0, ""ProgramHits"": 0, ""TechHits"": 0, ""MissionPts"": 10, ""ProgramPts"": 0, ""TechPts"": 0}"
National Community Anti-Drug Coalition Institute (NCI),Office of National Drug Control Policy ,,,DFC-NCI-2025,Not specified,Not specified,Not specified,10,"{""MissionHits"": 0, ""ProgramHits"": 0, ""TechHits"": 0, ""MissionPts"": 10, ""ProgramPts"": 0, ""TechPts"": 0}"
Projects of National Significance: Achieving Economic Mobility,Administration for Community Living,,,HHS-2025-ACL-AOD-DNCE-0063,Not specified,Not specified,Not specified,10,"{""MissionHits"": 0, ""ProgramHits"": 0, ""TechHits"": 0, ""MissionPts"": 10, ""ProgramPts"": 0, ""TechPts"": 0}"
PNS: Achieving Economic Mobility and Security,Administration for Community Living,,,HHS-2023-ACL-AOD-DNCE-0030,Not specified,Not specified,Not specified,10,"{""MissionHits"": 0, ""ProgramHits"": 0, ""TechHits"": 0, ""MissionPts"": 10, ""ProgramPts"": 0, ""TechPts"": 0}"
Projects of National  Significance: Achieving Economic Mobility,Administration for Community Living,,,HHS-2024-ACL-AOD-DNCE-0023,Not specified,Not specified,Not specified,10,"{""MissionHits"": 0, ""ProgramHits"": 0, ""TechHits"": 0, ""MissionPts"": 10, ""ProgramPts"": 0, ""TechPts"": 0}"
PEPFAR Community Led Monitoring &ndash; Mozambique Relief Programs,U.S. Mission to Mozambique,,,MAPUTO-PCO-FY22-01,Not specified,Not specified,Not specified,10,"{""MissionHits"": 0, ""ProgramHits"": 0, ""TechHits"": 0, ""MissionPts"": 10, ""ProgramPts"": 0, ""TechPts"": 0}"
Peer Supports for Augmentative and Alternative Communication,Administration for Community Living,,,HHS-2025-ACL-AOD-DNSA-0045,Not specified,Not specified,Not specified,10,"{""MissionHits"": 0, ""ProgramHits"": 0, ""TechHits"": 0, ""MissionPts"": 10, ""ProgramPts"": 0, ""TechPts"": 0}"
U.S. Mission T&uuml;rkiye Public Diplomacy Grants Program,Bureau of European and Eurasian Affairs,,,TR-NOFO-FY25-02,Not specified,Not specified,Not specified,4,"{""MissionHits"": 0, ""ProgramHits"": 0, ""TechHits"": 1, ""MissionPts"": 0, ""ProgramPts"": 0, ""TechPts"": 4}"
Updated National Dislocated Worker Grant Program Guidance and Application Information,Employment and Training Administration,12/31/2026,443.0,ETA-TEGL-09-24,Not specified,Not specified,Not specified,4,"{""MissionHits"": 0, ""ProgramHits"": 0, ""TechHits"": 1, ""MissionPts"": 0, ""ProgramPts"": 0, ""TechPts"": 4}"
Infertility Training Center,Office of the Assistant Secretary for Health,,,PA-FPT-25-002,Not specified,Not specified,Not specified,4,"{""MissionHits"": 0, ""ProgramHits"": 0, ""TechHits"": 1, ""MissionPts"": 0, ""ProgramPts"": 0, ""TechPts"": 4}"
NIGMS Institutional Biomedical Undergraduate Research Training Program,National Institutes of Health,,,FOR-GM-26-002,Not specified,Not specified,Not specified,4,"{""MissionHits"": 0, ""ProgramHits"": 0, ""TechHits"": 1, ""MissionPts"": 0, ""ProgramPts"": 0, ""TechPts"": 4}"
Media Training &amp; Development (MT&amp;D)  Small Grants Program,U.S. Mission to Venezuela,,,FY-2021VE002,Not specified,Not specified,Not specified,4,"{""MissionHits"": 0, ""ProgramHits"": 0, ""TechHits"": 1, ""MissionPts"": 0, ""ProgramPts"": 0, ""TechPts"": 4}"
Flexible Funding Model-Infrastructure Development and Maintenance for State Manufactured Food Regulatory Programs (U2F) Clinical Trials Not Allowed,Food and Drug Administration,,,FOR-FD-24-009,Not specified,Not specified,Not specified,4,"{""MissionHits"": 0, ""ProgramHits"": 0, ""TechHits"": 1, ""MissionPts"": 0, ""ProgramPts"": 0, ""TechPts"": 4}"
Mission Spain Public Diplomacy 2022 Annual Program Statement,U.S. Mission to Spain,,,ESP22APS,Not specified,Not specified,Not specified,4,"{""MissionHits"": 0, ""ProgramHits"": 0, ""TechHits"": 1, ""MissionPts"": 0, ""ProgramPts"": 0, ""TechPts"": 4}"
Commercial Fishing Occupational Safety Training Project Grants (T03),Centers for Disease Control and Prevention - ERA,01/31/2028,839.0,RFA-OH-22-006,Not specified,Not specified,Not specified,4,"{""MissionHits"": 0, ""ProgramHits"": 0, ""TechHits"": 1, ""MissionPts"": 0, ""ProgramPts"": 0, ""TechPts"": 4}"
Fostering Collaboration Across Ryan White HIV/AIDS Programs (RWHAPs) to Engage People with HIV in Care,Health Resources and Services Administration,11/17/2025,34.0,HRSA-26-014,Not specified,Not specified,Not specified,4,"{""MissionHits"": 0, ""ProgramHits"": 0, ""TechHits"": 1, ""MissionPts"": 0, ""ProgramPts"": 0, ""TechPts"": 4}"
Air Force Defense Research Sciences Conference and Workshop Support,Air Force Office of Scientific Research,,,BAA-AFRL-AFOSR-2016-0008,Not specified,Not specified,Not specified,4,"{""MissionHits"": 0, ""ProgramHits"": 0, ""TechHits"": 1, ""MissionPts"": 0, ""ProgramPts"": 0, ""TechPts"": 4}"
STARBASE Cherry Point,NAVAIR,,,N6852025RFPREQJC000000135,Not specified,Not specified,Not specified,4,"{""MissionHits"": 0, ""ProgramHits"": 0, ""TechHits"": 1, ""MissionPts"": 0, ""ProgramPts"": 0, ""TechPts"": 4}"
Notice of Intent to Publish a Funding Opportunity Announcement for NIEHS Worker Training Program&rsquo;s Hazardous Materials Worker Health and Safety Training (U45 &ndash; Clinical Trials Not Allowed),National Institutes of Health,,,TEMP-31337,Not specified,Not specified,Not specified,4,"{""MissionHits"": 0, ""ProgramHits"": 0, ""TechHits"": 1, ""MissionPts"": 0, ""ProgramPts"": 0, ""TechPts"": 4}"
ANNUAL PROGRAM STATEMENT - PUBLIC AFFAIRS ITALY,U.S. Mission to Italy,,,ROMENOFO002DOSEUR,Not specified,Not specified,Not specified,4,"{""MissionHits"": 0, ""ProgramHits"": 0, ""TechHits"": 1, ""MissionPts"": 0, ""ProgramPts"": 0, ""TechPts"": 4}"
Understanding the Intersection of Forced Scamming and Child Labor in Southeast Asia,Bureau of International Labor Affairs,,,RFI-ILAB-24-01,Not specified,Not specified,Not specified,4,"{""MissionHits"": 0, ""ProgramHits"": 0, ""TechHits"": 1, ""MissionPts"": 0, ""ProgramPts"": 0, ""TechPts"": 4}"
NIEHS Worker Training Program&rsquo;s SBIR E-Learning for HAZMAT and Emergency Response (R43/R44 Clinical Trial Not Allowed),National Institutes of Health,,,TEMP-30794,Not specified,Not specified,Not specified,4,"{""MissionHits"": 0, ""ProgramHits"": 0, ""TechHits"": 1, ""MissionPts"": 0, ""ProgramPts"": 0, ""TechPts"": 4}"
Air Delivered Effects,Munitions Directorate,03/21/2027,523.0,FA8651-22-S-0001,Not specified,Not specified,Not specified,4,"{""MissionHits"": 0, ""ProgramHits"": 0, ""TechHits"": 1, ""MissionPts"": 0, ""ProgramPts"": 0, ""TechPts"": 4}"
Continuing Human Enabling Enhancing Restoring and Sustaining,Air Force -- Research Lab,08/22/2044,6887.0,FA238424S2233,Not specified,Not specified,Not specified,4,"{""MissionHits"": 0, ""ProgramHits"": 0, ""TechHits"": 1, ""MissionPts"": 0, ""ProgramPts"": 0, ""TechPts"": 4}"
  Regional Resource Condition Assessment ,National Park Service,,,P16AS00333,Not specified,Not specified,Not specified,4,"{""MissionHits"": 0, ""ProgramHits"": 0, ""TechHits"": 1, ""MissionPts"": 0, ""ProgramPts"": 0, ""TechPts"": 4}"
NIST MEP Disaster Assessment Program,National Institute of Standards and Technology,,,2020-NIST-MEP-MDAP-01,Not specified,Not specified,Not specified,4,"{""MissionHits"": 0, ""ProgramHits"": 0, ""TechHits"": 1, ""MissionPts"": 0, ""ProgramPts"": 0, ""TechPts"": 4}"
Department of Defense HIV/AIDS Prevention Program,Dept. of the Army -- USAMRAA,09/18/2027,704.0,W81XWH-22-DHAPP,Not specified,Not specified,Not specified,4,"{""MissionHits"": 0, ""ProgramHits"": 0, ""TechHits"": 1, ""MissionPts"": 0, ""ProgramPts"": 0, ""TechPts"": 4}"
Research and Development (RAD) Directed Energy (RD) University Assistance Instruments,Air Force -- Research Lab,07/18/2029,1373.0,RDK-RAD-FOA-2024,Not specified,Not specified,Not specified,4,"{""MissionHits"": 0, ""ProgramHits"": 0, ""TechHits"": 1, ""MissionPts"": 0, ""ProgramPts"": 0, ""TechPts"": 4}"
FY24-25 Federal-State Partnership for Intercity Passenger Rail Grant Program - National,DOT - Federal Railroad Administration,01/07/2026,85.0,FR-FSP-25-006,Not specified,Not specified,Not specified,4,"{""MissionHits"": 0, ""ProgramHits"": 0, ""TechHits"": 1, ""MissionPts"": 0, ""ProgramPts"": 0, ""TechPts"": 4}"
